Type,Subtype,Subset,Filter,Genotype,QQ.Field,QQ,METRIC.Recall,METRIC.Precision,METRIC.Frac_NA,METRIC.F1_Score,FP.gt,FP.al,Subset.Size,Subset.IS_CONF.Size,Subset.Level,TRUTH.TOTAL,TRUTH.TOTAL.ti,TRUTH.TOTAL.tv,TRUTH.TOTAL.het,TRUTH.TOTAL.homalt,TRUTH.TOTAL.TiTv_ratio,TRUTH.TOTAL.het_hom_ratio,TRUTH.TP,TRUTH.TP.ti,TRUTH.TP.tv,TRUTH.TP.het,TRUTH.TP.homalt,TRUTH.TP.TiTv_ratio,TRUTH.TP.het_hom_ratio,TRUTH.FN,TRUTH.FN.ti,TRUTH.FN.tv,TRUTH.FN.het,TRUTH.FN.homalt,TRUTH.FN.TiTv_ratio,TRUTH.FN.het_hom_ratio,QUERY.TOTAL,QUERY.TOTAL.ti,QUERY.TOTAL.tv,QUERY.TOTAL.het,QUERY.TOTAL.homalt,QUERY.TOTAL.TiTv_ratio,QUERY.TOTAL.het_hom_ratio,QUERY.TP,QUERY.TP.ti,QUERY.TP.tv,QUERY.TP.het,QUERY.TP.homalt,QUERY.TP.TiTv_ratio,QUERY.TP.het_hom_ratio,QUERY.FP,QUERY.FP.ti,QUERY.FP.tv,QUERY.FP.het,QUERY.FP.homalt,QUERY.FP.TiTv_ratio,QUERY.FP.het_hom_ratio,QUERY.UNK,QUERY.UNK.ti,QUERY.UNK.tv,QUERY.UNK.het,QUERY.UNK.homalt,QUERY.UNK.TiTv_ratio,QUERY.UNK.het_hom_ratio
INDEL,*,*,ALL,*,QUAL,*,0.986763,0.99379,0.435107,0.990264,15,54,64274167,2542343946.000000,0.000000,11256,.,.,6428.000000,4116.000000,,1.56171039845,11107,.,.,6350.000000,4082.000000,,1.5556099951,149,.,.,78.000000,34.000000,,2.29411764706,20526,.,.,13612.000000,6387.000000,,2.13120400814,11523,.,.,7217.000000,4080.000000,,1.76887254902,72,.,.,55.000000,13.000000,,4.23076923077,8931,.,.,6340.000000,2294.000000,,2.76373147341
INDEL,*,*,PASS,*,QUAL,*,0.986763,0.99379,0.435107,0.990264,15,54,64274167,2542343946.000000,0.000000,11256,.,.,6428.000000,4116.000000,,1.56171039845,11107,.,.,6350.000000,4082.000000,,1.5556099951,149,.,.,78.000000,34.000000,,2.29411764706,20526,.,.,13612.000000,6387.000000,,2.13120400814,11523,.,.,7217.000000,4080.000000,,1.76887254902,72,.,.,55.000000,13.000000,,4.23076923077,8931,.,.,6340.000000,2294.000000,,2.76373147341
INDEL,*,TS_boundary,ALL,*,QUAL,*,0.818182,1.0,0.942675,0.9,0,0,3030848912.000000,2542343946.000000,0.000000,11,.,.,8.000000,3.000000,,2.66666666667,9,.,.,7.000000,2.000000,,3.5,2,.,.,1.000000,1.000000,,1.0,157,.,.,119.000000,35.000000,,3.4,9,.,.,7.000000,2.000000,,3.5,0,.,.,0.000000,0.000000,,,148,.,.,112.000000,33.000000,,3.39393939394
INDEL,*,TS_boundary,PASS,*,QUAL,*,0.818182,1.0,0.942675,0.9,0,0,3030848912.000000,2542343946.000000,0.000000,11,.,.,8.000000,3.000000,,2.66666666667,9,.,.,7.000000,2.000000,,3.5,2,.,.,1.000000,1.000000,,1.0,157,.,.,119.000000,35.000000,,3.4,9,.,.,7.000000,2.000000,,3.5,0,.,.,0.000000,0.000000,,,148,.,.,112.000000,33.000000,,3.39393939394
INDEL,*,TS_contained,ALL,*,QUAL,*,0.986928,0.993786,0.0,0.990345,15,54,2542343946.000000,2542343946.000000,0.000000,11245,.,.,6420.000000,4113.000000,,1.56090444931,11098,.,.,6343.000000,4080.000000,,1.55465686275,147,.,.,77.000000,33.000000,,2.33333333333,11586,.,.,7265.000000,4091.000000,,1.77584942557,11514,.,.,7210.000000,4078.000000,,1.76802354095,72,.,.,55.000000,13.000000,,4.23076923077,0,.,.,0.000000,0.000000,,
INDEL,*,TS_contained,PASS,*,QUAL,*,0.986928,0.993786,0.0,0.990345,15,54,2542343946.000000,2542343946.000000,0.000000,11245,.,.,6420.000000,4113.000000,,1.56090444931,11098,.,.,6343.000000,4080.000000,,1.55465686275,147,.,.,77.000000,33.000000,,2.33333333333,11586,.,.,7265.000000,4091.000000,,1.77584942557,11514,.,.,7210.000000,4078.000000,,1.76802354095,72,.,.,55.000000,13.000000,,4.23076923077,0,.,.,0.000000,0.000000,,
INDEL,C16_PLUS,*,ALL,*,QUAL,*,0.0,0.0,0.0,,0,0,64274167,2542343946.000000,0.000000,0,.,.,0.000000,0.000000,,,0,.,.,0.000000,0.000000,,,0,.,.,0.000000,0.000000,,,0,.,.,0.000000,0.000000,,,0,.,.,0.000000,0.000000,,,0,.,.,0.000000,0.000000,,,0,.,.,0.000000,0.000000,,
INDEL,C16_PLUS,*,PASS,*,QUAL,*,0.0,0.0,0.0,,0,0,64274167,2542343946.000000,0.000000,0,.,.,0.000000,0.000000,,,0,.,.,0.000000,0.000000,,,0,.,.,0.000000,0.000000,,,0,.,.,0.000000,0.000000,,,0,.,.,0.000000,0.000000,,,0,.,.,0.000000,0.000000,,,0,.,.,0.000000,0.000000,,
INDEL,C16_PLUS,TS_boundary,ALL,*,QUAL,*,0.0,0.0,0.0,,0,0,3030848912.000000,2542343946.000000,0.000000,0,.,.,0.000000,0.000000,,,0,.,.,0.000000,0.000000,,,0,.,.,0.000000,0.000000,,,0,.,.,0.000000,0.000000,,,0,.,.,0.000000,0.000000,,,0,.,.,0.000000,0.000000,,,0,.,.,0.000000,0.000000,,
INDEL,C16_PLUS,TS_boundary,PASS,*,QUAL,*,0.0,0.0,0.0,,0,0,3030848912.000000,2542343946.000000,0.000000,0,.,.,0.000000,0.000000,,,0,.,.,0.000000,0.000000,,,0,.,.,0.000000,0.000000,,,0,.,.,0.000000,0.000000,,,0,.,.,0.000000,0.000000,,,0,.,.,0.000000,0.000000,,,0,.,.,0.000000,0.000000,,
INDEL,C16_PLUS,TS_contained,ALL,*,QUAL,*,0.0,0.0,0.0,,0,0,2542343946.000000,2542343946.000000,0.000000,0,.,.,0.000000,0.000000,,,0,.,.,0.000000,0.000000,,,0,.,.,0.000000,0.000000,,,0,.,.,0.000000,0.000000,,,0,.,.,0.000000,0.000000,,,0,.,.,0.000000,0.000000,,,0,.,.,0.000000,0.000000,,
INDEL,C16_PLUS,TS_contained,PASS,*,QUAL,*,0.0,0.0,0.0,,0,0,2542343946.000000,2542343946.000000,0.000000,0,.,.,0.000000,0.000000,,,0,.,.,0.000000,0.000000,,,0,.,.,0.000000,0.000000,,,0,.,.,0.000000,0.000000,,,0,.,.,0.000000,0.000000,,,0,.,.,0.000000,0.000000,,,0,.,.,0.000000,0.000000,,
INDEL,C1_5,*,ALL,*,QUAL,*,0.0,0.0,0.0,,0,0,64274167,2542343946.000000,0.000000,0,.,.,0.000000,0.000000,,,0,.,.,0.000000,0.000000,,,0,.,.,0.000000,0.000000,,,0,.,.,0.000000,0.000000,,,0,.,.,0.000000,0.000000,,,0,.,.,0.000000,0.000000,,,0,.,.,0.000000,0.000000,,
INDEL,C1_5,*,PASS,*,QUAL,*,0.0,0.0,0.0,,0,0,64274167,2542343946.000000,0.000000,0,.,.,0.000000,0.000000,,,0,.,.,0.000000,0.000000,,,0,.,.,0.000000,0.000000,,,0,.,.,0.000000,0.000000,,,0,.,.,0.000000,0.000000,,,0,.,.,0.000000,0.000000,,,0,.,.,0.000000,0.000000,,
INDEL,C1_5,TS_boundary,ALL,*,QUAL,*,0.0,0.0,0.0,,0,0,3030848912.000000,2542343946.000000,0.000000,0,.,.,0.000000,0.000000,,,0,.,.,0.000000,0.000000,,,0,.,.,0.000000,0.000000,,,0,.,.,0.000000,0.000000,,,0,.,.,0.000000,0.000000,,,0,.,.,0.000000,0.000000,,,0,.,.,0.000000,0.000000,,
INDEL,C1_5,TS_boundary,PASS,*,QUAL,*,0.0,0.0,0.0,,0,0,3030848912.000000,2542343946.000000,0.000000,0,.,.,0.000000,0.000000,,,0,.,.,0.000000,0.000000,,,0,.,.,0.000000,0.000000,,,0,.,.,0.000000,0.000000,,,0,.,.,0.000000,0.000000,,,0,.,.,0.000000,0.000000,,,0,.,.,0.000000,0.000000,,
INDEL,C1_5,TS_contained,ALL,*,QUAL,*,0.0,0.0,0.0,,0,0,2542343946.000000,2542343946.000000,0.000000,0,.,.,0.000000,0.000000,,,0,.,.,0.000000,0.000000,,,0,.,.,0.000000,0.000000,,,0,.,.,0.000000,0.000000,,,0,.,.,0.000000,0.000000,,,0,.,.,0.000000,0.000000,,,0,.,.,0.000000,0.000000,,
INDEL,C1_5,TS_contained,PASS,*,QUAL,*,0.0,0.0,0.0,,0,0,2542343946.000000,2542343946.000000,0.000000,0,.,.,0.000000,0.000000,,,0,.,.,0.000000,0.000000,,,0,.,.,0.000000,0.000000,,,0,.,.,0.000000,0.000000,,,0,.,.,0.000000,0.000000,,,0,.,.,0.000000,0.000000,,,0,.,.,0.000000,0.000000,,
INDEL,C6_15,*,ALL,*,QUAL,*,0.0,0.0,0.0,,0,0,64274167,2542343946.000000,0.000000,0,.,.,0.000000,0.000000,,,0,.,.,0.000000,0.000000,,,0,.,.,0.000000,0.000000,,,0,.,.,0.000000,0.000000,,,0,.,.,0.000000,0.000000,,,0,.,.,0.000000,0.000000,,,0,.,.,0.000000,0.000000,,
INDEL,C6_15,*,PASS,*,QUAL,*,0.0,0.0,0.0,,0,0,64274167,2542343946.000000,0.000000,0,.,.,0.000000,0.000000,,,0,.,.,0.000000,0.000000,,,0,.,.,0.000000,0.000000,,,0,.,.,0.000000,0.000000,,,0,.,.,0.000000,0.000000,,,0,.,.,0.000000,0.000000,,,0,.,.,0.000000,0.000000,,
INDEL,C6_15,TS_boundary,ALL,*,QUAL,*,0.0,0.0,0.0,,0,0,3030848912.000000,2542343946.000000,0.000000,0,.,.,0.000000,0.000000,,,0,.,.,0.000000,0.000000,,,0,.,.,0.000000,0.000000,,,0,.,.,0.000000,0.000000,,,0,.,.,0.000000,0.000000,,,0,.,.,0.000000,0.000000,,,0,.,.,0.000000,0.000000,,
INDEL,C6_15,TS_boundary,PASS,*,QUAL,*,0.0,0.0,0.0,,0,0,3030848912.000000,2542343946.000000,0.000000,0,.,.,0.000000,0.000000,,,0,.,.,0.000000,0.000000,,,0,.,.,0.000000,0.000000,,,0,.,.,0.000000,0.000000,,,0,.,.,0.000000,0.000000,,,0,.,.,0.000000,0.000000,,,0,.,.,0.000000,0.000000,,
INDEL,C6_15,TS_contained,ALL,*,QUAL,*,0.0,0.0,0.0,,0,0,2542343946.000000,2542343946.000000,0.000000,0,.,.,0.000000,0.000000,,,0,.,.,0.000000,0.000000,,,0,.,.,0.000000,0.000000,,,0,.,.,0.000000,0.000000,,,0,.,.,0.000000,0.000000,,,0,.,.,0.000000,0.000000,,,0,.,.,0.000000,0.000000,,
INDEL,C6_15,TS_contained,PASS,*,QUAL,*,0.0,0.0,0.0,,0,0,2542343946.000000,2542343946.000000,0.000000,0,.,.,0.000000,0.000000,,,0,.,.,0.000000,0.000000,,,0,.,.,0.000000,0.000000,,,0,.,.,0.000000,0.000000,,,0,.,.,0.000000,0.000000,,,0,.,.,0.000000,0.000000,,,0,.,.,0.000000,0.000000,,
INDEL,D16_PLUS,*,ALL,*,QUAL,*,0.95092,0.987342,0.686508,0.968789,0,2,64274167,2542343946.000000,0.000000,163,.,.,95.000000,54.000000,,1.75925925926,155,.,.,90.000000,53.000000,,1.69811320755,8,.,.,5.000000,1.000000,,5.0,504,.,.,395.000000,109.000000,,3.62385321101,156,.,.,103.000000,53.000000,,1.94339622642,2,.,.,2.000000,0.000000,,,346,.,.,290.000000,56.000000,,5.17857142857
INDEL,D16_PLUS,*,PASS,*,QUAL,*,0.95092,0.987342,0.686508,0.968789,0,2,64274167,2542343946.000000,0.000000,163,.,.,95.000000,54.000000,,1.75925925926,155,.,.,90.000000,53.000000,,1.69811320755,8,.,.,5.000000,1.000000,,5.0,504,.,.,395.000000,109.000000,,3.62385321101,156,.,.,103.000000,53.000000,,1.94339622642,2,.,.,2.000000,0.000000,,,346,.,.,290.000000,56.000000,,5.17857142857
INDEL,D16_PLUS,TS_boundary,ALL,*,QUAL,*,0.0,,1.0,,0,0,3030848912.000000,2542343946.000000,0.000000,1,.,.,1.000000,0.000000,,,0,.,.,0.000000,0.000000,,,1,.,.,1.000000,0.000000,,,6,.,.,6.000000,0.000000,,,0,.,.,0.000000,0.000000,,,0,.,.,0.000000,0.000000,,,6,.,.,6.000000,0.000000,,
INDEL,D16_PLUS,TS_boundary,PASS,*,QUAL,*,0.0,,1.0,,0,0,3030848912.000000,2542343946.000000,0.000000,1,.,.,1.000000,0.000000,,,0,.,.,0.000000,0.000000,,,1,.,.,1.000000,0.000000,,,6,.,.,6.000000,0.000000,,,0,.,.,0.000000,0.000000,,,0,.,.,0.000000,0.000000,,,6,.,.,6.000000,0.000000,,
INDEL,D16_PLUS,TS_contained,ALL,*,QUAL,*,0.95679,0.987342,0.0,0.971826,0,2,2542343946.000000,2542343946.000000,0.000000,162,.,.,94.000000,54.000000,,1.74074074074,155,.,.,90.000000,53.000000,,1.69811320755,7,.,.,4.000000,1.000000,,4.0,158,.,.,105.000000,53.000000,,1.98113207547,156,.,.,103.000000,53.000000,,1.94339622642,2,.,.,2.000000,0.000000,,,0,.,.,0.000000,0.000000,,
INDEL,D16_PLUS,TS_contained,PASS,*,QUAL,*,0.95679,0.987342,0.0,0.971826,0,2,2542343946.000000,2542343946.000000,0.000000,162,.,.,94.000000,54.000000,,1.74074074074,155,.,.,90.000000,53.000000,,1.69811320755,7,.,.,4.000000,1.000000,,4.0,158,.,.,105.000000,53.000000,,1.98113207547,156,.,.,103.000000,53.000000,,1.94339622642,2,.,.,2.000000,0.000000,,,0,.,.,0.000000,0.000000,,
INDEL,D1_5,*,ALL,*,QUAL,*,0.992536,0.994987,0.399699,0.99376,5,19,64274167,2542343946.000000,0.000000,5091,.,.,2912.000000,1793.000000,,1.62409369771,5053,.,.,2899.000000,1780.000000,,1.62865168539,38,.,.,13.000000,13.000000,,1.0,8639,.,.,5890.000000,2749.000000,,2.14259730811,5160,.,.,3378.000000,1782.000000,,1.89562289562,26,.,.,23.000000,3.000000,,7.66666666667,3453,.,.,2489.000000,964.000000,,2.58195020747
INDEL,D1_5,*,PASS,*,QUAL,*,0.992536,0.994987,0.399699,0.99376,5,19,64274167,2542343946.000000,0.000000,5091,.,.,2912.000000,1793.000000,,1.62409369771,5053,.,.,2899.000000,1780.000000,,1.62865168539,38,.,.,13.000000,13.000000,,1.0,8639,.,.,5890.000000,2749.000000,,2.14259730811,5160,.,.,3378.000000,1782.000000,,1.89562289562,26,.,.,23.000000,3.000000,,7.66666666667,3453,.,.,2489.000000,964.000000,,2.58195020747
INDEL,D1_5,TS_boundary,ALL,*,QUAL,*,1.0,1.0,0.955224,1.0,0,0,3030848912.000000,2542343946.000000,0.000000,3,.,.,2.000000,1.000000,,2.0,3,.,.,2.000000,1.000000,,2.0,0,.,.,0.000000,0.000000,,,67,.,.,50.000000,17.000000,,2.94117647059,3,.,.,2.000000,1.000000,,2.0,0,.,.,0.000000,0.000000,,,64,.,.,48.000000,16.000000,,3.0
INDEL,D1_5,TS_boundary,PASS,*,QUAL,*,1.0,1.0,0.955224,1.0,0,0,3030848912.000000,2542343946.000000,0.000000,3,.,.,2.000000,1.000000,,2.0,3,.,.,2.000000,1.000000,,2.0,0,.,.,0.000000,0.000000,,,67,.,.,50.000000,17.000000,,2.94117647059,3,.,.,2.000000,1.000000,,2.0,0,.,.,0.000000,0.000000,,,64,.,.,48.000000,16.000000,,3.0
INDEL,D1_5,TS_contained,ALL,*,QUAL,*,0.992531,0.994984,0.0,0.993756,5,19,2542343946.000000,2542343946.000000,0.000000,5088,.,.,2910.000000,1792.000000,,1.62388392857,5050,.,.,2897.000000,1779.000000,,1.62844294547,38,.,.,13.000000,13.000000,,1.0,5183,.,.,3399.000000,1784.000000,,1.9052690583,5157,.,.,3376.000000,1781.000000,,1.89556428972,26,.,.,23.000000,3.000000,,7.66666666667,0,.,.,0.000000,0.000000,,
INDEL,D1_5,TS_contained,PASS,*,QUAL,*,0.992531,0.994984,0.0,0.993756,5,19,2542343946.000000,2542343946.000000,0.000000,5088,.,.,2910.000000,1792.000000,,1.62388392857,5050,.,.,2897.000000,1779.000000,,1.62844294547,38,.,.,13.000000,13.000000,,1.0,5183,.,.,3399.000000,1784.000000,,1.9052690583,5157,.,.,3376.000000,1781.000000,,1.89556428972,26,.,.,23.000000,3.000000,,7.66666666667,0,.,.,0.000000,0.000000,,
INDEL,D6_15,*,ALL,*,QUAL,*,0.976012,0.982116,0.541353,0.979055,3,9,64274167,2542343946.000000,0.000000,667,.,.,356.000000,182.000000,,1.95604395604,651,.,.,354.000000,178.000000,,1.98876404494,16,.,.,2.000000,4.000000,,0.5,1463,.,.,1148.000000,315.000000,,3.64444444444,659,.,.,482.000000,177.000000,,2.72316384181,12,.,.,12.000000,0.000000,,,792,.,.,654.000000,138.000000,,4.73913043478
INDEL,D6_15,*,PASS,*,QUAL,*,0.976012,0.982116,0.541353,0.979055,3,9,64274167,2542343946.000000,0.000000,667,.,.,356.000000,182.000000,,1.95604395604,651,.,.,354.000000,178.000000,,1.98876404494,16,.,.,2.000000,4.000000,,0.5,1463,.,.,1148.000000,315.000000,,3.64444444444,659,.,.,482.000000,177.000000,,2.72316384181,12,.,.,12.000000,0.000000,,,792,.,.,654.000000,138.000000,,4.73913043478
INDEL,D6_15,TS_boundary,ALL,*,QUAL,*,1.0,1.0,0.733333,1.0,0,0,3030848912.000000,2542343946.000000,0.000000,4,.,.,3.000000,1.000000,,3.0,4,.,.,3.000000,1.000000,,3.0,0,.,.,0.000000,0.000000,,,15,.,.,13.000000,2.000000,,6.5,4,.,.,3.000000,1.000000,,3.0,0,.,.,0.000000,0.000000,,,11,.,.,10.000000,1.000000,,10.0
INDEL,D6_15,TS_boundary,PASS,*,QUAL,*,1.0,1.0,0.733333,1.0,0,0,3030848912.000000,2542343946.000000,0.000000,4,.,.,3.000000,1.000000,,3.0,4,.,.,3.000000,1.000000,,3.0,0,.,.,0.000000,0.000000,,,15,.,.,13.000000,2.000000,,6.5,4,.,.,3.000000,1.000000,,3.0,0,.,.,0.000000,0.000000,,,11,.,.,10.000000,1.000000,,10.0
INDEL,D6_15,TS_contained,ALL,*,QUAL,*,0.975867,0.982009,0.0,0.978928,3,9,2542343946.000000,2542343946.000000,0.000000,663,.,.,353.000000,181.000000,,1.95027624309,647,.,.,351.000000,177.000000,,1.98305084746,16,.,.,2.000000,4.000000,,0.5,667,.,.,491.000000,176.000000,,2.78977272727,655,.,.,479.000000,176.000000,,2.72159090909,12,.,.,12.000000,0.000000,,,0,.,.,0.000000,0.000000,,
INDEL,D6_15,TS_contained,PASS,*,QUAL,*,0.975867,0.982009,0.0,0.978928,3,9,2542343946.000000,2542343946.000000,0.000000,663,.,.,353.000000,181.000000,,1.95027624309,647,.,.,351.000000,177.000000,,1.98305084746,16,.,.,2.000000,4.000000,,0.5,667,.,.,491.000000,176.000000,,2.78977272727,655,.,.,479.000000,176.000000,,2.72159090909,12,.,.,12.000000,0.000000,,,0,.,.,0.000000,0.000000,,
INDEL,I16_PLUS,*,ALL,*,QUAL,*,0.876812,1.0,0.645161,0.934363,0,0,64274167,2542343946.000000,0.000000,138,.,.,84.000000,40.000000,,2.1,121,.,.,70.000000,39.000000,,1.79487179487,17,.,.,14.000000,1.000000,,14.0,341,.,.,197.000000,80.000000,,2.4625,121,.,.,70.000000,39.000000,,1.79487179487,0,.,.,0.000000,0.000000,,,220,.,.,127.000000,41.000000,,3.09756097561
INDEL,I16_PLUS,*,PASS,*,QUAL,*,0.876812,1.0,0.645161,0.934363,0,0,64274167,2542343946.000000,0.000000,138,.,.,84.000000,40.000000,,2.1,121,.,.,70.000000,39.000000,,1.79487179487,17,.,.,14.000000,1.000000,,14.0,341,.,.,197.000000,80.000000,,2.4625,121,.,.,70.000000,39.000000,,1.79487179487,0,.,.,0.000000,0.000000,,,220,.,.,127.000000,41.000000,,3.09756097561
INDEL,I16_PLUS,TS_boundary,ALL,*,QUAL,*,0.0,,1.0,,0,0,3030848912.000000,2542343946.000000,0.000000,0,.,.,0.000000,0.000000,,,0,.,.,0.000000,0.000000,,,0,.,.,0.000000,0.000000,,,2,.,.,2.000000,0.000000,,,0,.,.,0.000000,0.000000,,,0,.,.,0.000000,0.000000,,,2,.,.,2.000000,0.000000,,
INDEL,I16_PLUS,TS_boundary,PASS,*,QUAL,*,0.0,,1.0,,0,0,3030848912.000000,2542343946.000000,0.000000,0,.,.,0.000000,0.000000,,,0,.,.,0.000000,0.000000,,,0,.,.,0.000000,0.000000,,,2,.,.,2.000000,0.000000,,,0,.,.,0.000000,0.000000,,,0,.,.,0.000000,0.000000,,,2,.,.,2.000000,0.000000,,
INDEL,I16_PLUS,TS_contained,ALL,*,QUAL,*,0.876812,1.0,0.0,0.934363,0,0,2542343946.000000,2542343946.000000,0.000000,138,.,.,84.000000,40.000000,,2.1,121,.,.,70.000000,39.000000,,1.79487179487,17,.,.,14.000000,1.000000,,14.0,121,.,.,70.000000,39.000000,,1.79487179487,121,.,.,70.000000,39.000000,,1.79487179487,0,.,.,0.000000,0.000000,,,0,.,.,0.000000,0.000000,,
INDEL,I16_PLUS,TS_contained,PASS,*,QUAL,*,0.876812,1.0,0.0,0.934363,0,0,2542343946.000000,2542343946.000000,0.000000,138,.,.,84.000000,40.000000,,2.1,121,.,.,70.000000,39.000000,,1.79487179487,17,.,.,14.000000,1.000000,,14.0,121,.,.,70.000000,39.000000,,1.79487179487,121,.,.,70.000000,39.000000,,1.79487179487,0,.,.,0.000000,0.000000,,,0,.,.,0.000000,0.000000,,
INDEL,I1_5,*,ALL,*,QUAL,*,0.98707,0.994983,0.419366,0.991011,7,17,64274167,2542343946.000000,0.000000,5027,.,.,2707.000000,1899.000000,,1.42548709847,4962,.,.,2676.000000,1886.000000,,1.41887592789,65,.,.,31.000000,13.000000,,2.38461538462,8582,.,.,5339.000000,2845.000000,,1.87662565905,4958,.,.,2882.000000,1883.000000,,1.53053637812,25,.,.,11.000000,10.000000,,1.1,3599,.,.,2446.000000,952.000000,,2.56932773109
INDEL,I1_5,*,PASS,*,QUAL,*,0.98707,0.994983,0.419366,0.991011,7,17,64274167,2542343946.000000,0.000000,5027,.,.,2707.000000,1899.000000,,1.42548709847,4962,.,.,2676.000000,1886.000000,,1.41887592789,65,.,.,31.000000,13.000000,,2.38461538462,8582,.,.,5339.000000,2845.000000,,1.87662565905,4958,.,.,2882.000000,1883.000000,,1.53053637812,25,.,.,11.000000,10.000000,,1.1,3599,.,.,2446.000000,952.000000,,2.56932773109
INDEL,I1_5,TS_boundary,ALL,*,QUAL,*,0.666667,1.0,0.961538,0.8,0,0,3030848912.000000,2542343946.000000,0.000000,3,.,.,2.000000,1.000000,,2.0,2,.,.,2.000000,0.000000,,,1,.,.,0.000000,1.000000,,0.0,52,.,.,39.000000,10.000000,,3.9,2,.,.,2.000000,0.000000,,,0,.,.,0.000000,0.000000,,,50,.,.,37.000000,10.000000,,3.7
INDEL,I1_5,TS_boundary,PASS,*,QUAL,*,0.666667,1.0,0.961538,0.8,0,0,3030848912.000000,2542343946.000000,0.000000,3,.,.,2.000000,1.000000,,2.0,2,.,.,2.000000,0.000000,,,1,.,.,0.000000,1.000000,,0.0,52,.,.,39.000000,10.000000,,3.9,2,.,.,2.000000,0.000000,,,0,.,.,0.000000,0.000000,,,50,.,.,37.000000,10.000000,,3.7
INDEL,I1_5,TS_contained,ALL,*,QUAL,*,0.987261,0.994981,0.0,0.991106,7,17,2542343946.000000,2542343946.000000,0.000000,5024,.,.,2705.000000,1898.000000,,1.42518440464,4960,.,.,2674.000000,1886.000000,,1.4178154825,64,.,.,31.000000,12.000000,,2.58333333333,4981,.,.,2891.000000,1893.000000,,1.52720549392,4956,.,.,2880.000000,1883.000000,,1.52947424323,25,.,.,11.000000,10.000000,,1.1,0,.,.,0.000000,0.000000,,
INDEL,I1_5,TS_contained,PASS,*,QUAL,*,0.987261,0.994981,0.0,0.991106,7,17,2542343946.000000,2542343946.000000,0.000000,5024,.,.,2705.000000,1898.000000,,1.42518440464,4960,.,.,2674.000000,1886.000000,,1.4178154825,64,.,.,31.000000,12.000000,,2.58333333333,4981,.,.,2891.000000,1893.000000,,1.52720549392,4956,.,.,2880.000000,1883.000000,,1.52947424323,25,.,.,11.000000,10.000000,,1.1,0,.,.,0.000000,0.000000,,
INDEL,I6_15,*,ALL,*,QUAL,*,0.95,0.987433,0.518998,0.968355,0,7,64274167,2542343946.000000,0.000000,580,.,.,274.000000,148.000000,,1.85135135135,551,.,.,261.000000,146.000000,,1.78767123288,29,.,.,13.000000,2.000000,,6.5,1158,.,.,643.000000,289.000000,,2.22491349481,550,.,.,302.000000,146.000000,,2.06849315068,7,.,.,7.000000,0.000000,,,601,.,.,334.000000,143.000000,,2.33566433566
INDEL,I6_15,*,PASS,*,QUAL,*,0.95,0.987433,0.518998,0.968355,0,7,64274167,2542343946.000000,0.000000,580,.,.,274.000000,148.000000,,1.85135135135,551,.,.,261.000000,146.000000,,1.78767123288,29,.,.,13.000000,2.000000,,6.5,1158,.,.,643.000000,289.000000,,2.22491349481,550,.,.,302.000000,146.000000,,2.06849315068,7,.,.,7.000000,0.000000,,,601,.,.,334.000000,143.000000,,2.33566433566
INDEL,I6_15,TS_boundary,ALL,*,QUAL,*,0.0,,1.0,,0,0,3030848912.000000,2542343946.000000,0.000000,0,.,.,0.000000,0.000000,,,0,.,.,0.000000,0.000000,,,0,.,.,0.000000,0.000000,,,17,.,.,9.000000,6.000000,,1.5,0,.,.,0.000000,0.000000,,,0,.,.,0.000000,0.000000,,,17,.,.,9.000000,6.000000,,1.5
INDEL,I6_15,TS_boundary,PASS,*,QUAL,*,0.0,,1.0,,0,0,3030848912.000000,2542343946.000000,0.000000,0,.,.,0.000000,0.000000,,,0,.,.,0.000000,0.000000,,,0,.,.,0.000000,0.000000,,,17,.,.,9.000000,6.000000,,1.5,0,.,.,0.000000,0.000000,,,0,.,.,0.000000,0.000000,,,17,.,.,9.000000,6.000000,,1.5
INDEL,I6_15,TS_contained,ALL,*,QUAL,*,0.95,0.987433,0.0,0.968355,0,7,2542343946.000000,2542343946.000000,0.000000,580,.,.,274.000000,148.000000,,1.85135135135,551,.,.,261.000000,146.000000,,1.78767123288,29,.,.,13.000000,2.000000,,6.5,557,.,.,309.000000,146.000000,,2.11643835616,550,.,.,302.000000,146.000000,,2.06849315068,7,.,.,7.000000,0.000000,,,0,.,.,0.000000,0.000000,,
INDEL,I6_15,TS_contained,PASS,*,QUAL,*,0.95,0.987433,0.0,0.968355,0,7,2542343946.000000,2542343946.000000,0.000000,580,.,.,274.000000,148.000000,,1.85135135135,551,.,.,261.000000,146.000000,,1.78767123288,29,.,.,13.000000,2.000000,,6.5,557,.,.,309.000000,146.000000,,2.11643835616,550,.,.,302.000000,146.000000,,2.06849315068,7,.,.,7.000000,0.000000,,,0,.,.,0.000000,0.000000,,
SNP,*,*,ALL,*,QUAL,*,0.995107,0.999128,0.176428,0.997114,16,13,64274167,2542343946.000000,0.000000,71333,49826.000000,21524.000000,45053.000000,26255.000000,2.31490429288,1.71597790897,70984,49580.000000,21421.000000,44779.000000,26181.000000,2.3145511414,1.71036247661,349,246.000000,103.000000,274.000000,74.000000,2.38834951456,3.7027027027,86324,58509.000000,27846.000000,55159.000000,31117.000000,2.10116354234,1.77263232317,71032,49600.000000,21449.000000,44822.000000,26186.000000,2.31246211945,1.71167799588,62,36.000000,26.000000,54.000000,8.000000,1.38461538462,6.75,15230,8873.000000,6371.000000,10283.000000,4923.000000,1.3927169989,2.08876701198
SNP,*,*,PASS,*,QUAL,*,0.995107,0.999128,0.176428,0.997114,16,13,64274167,2542343946.000000,0.000000,71333,49826.000000,21524.000000,45053.000000,26255.000000,2.31490429288,1.71597790897,70984,49580.000000,21421.000000,44779.000000,26181.000000,2.3145511414,1.71036247661,349,246.000000,103.000000,274.000000,74.000000,2.38834951456,3.7027027027,86324,58509.000000,27846.000000,55159.000000,31117.000000,2.10116354234,1.77263232317,71032,49600.000000,21449.000000,44822.000000,26186.000000,2.31246211945,1.71167799588,62,36.000000,26.000000,54.000000,8.000000,1.38461538462,6.75,15230,8873.000000,6371.000000,10283.000000,4923.000000,1.3927169989,2.08876701198
SNP,*,TS_boundary,ALL,*,QUAL,*,0.928571,1.0,0.564246,0.962963,0,0,3030848912.000000,2542343946.000000,0.000000,168,123.000000,45.000000,110.000000,58.000000,2.73333333333,1.89655172414,156,113.000000,43.000000,98.000000,58.000000,2.62790697674,1.68965517241,12,10.000000,2.000000,12.000000,0.000000,5.0,,358,241.000000,117.000000,248.000000,110.000000,2.05982905983,2.25454545455,156,113.000000,43.000000,98.000000,58.000000,2.62790697674,1.68965517241,0,0.000000,0.000000,0.000000,0.000000,,,202,128.000000,74.000000,150.000000,52.000000,1.72972972973,2.88461538462
SNP,*,TS_boundary,PASS,*,QUAL,*,0.928571,1.0,0.564246,0.962963,0,0,3030848912.000000,2542343946.000000,0.000000,168,123.000000,45.000000,110.000000,58.000000,2.73333333333,1.89655172414,156,113.000000,43.000000,98.000000,58.000000,2.62790697674,1.68965517241,12,10.000000,2.000000,12.000000,0.000000,5.0,,358,241.000000,117.000000,248.000000,110.000000,2.05982905983,2.25454545455,156,113.000000,43.000000,98.000000,58.000000,2.62790697674,1.68965517241,0,0.000000,0.000000,0.000000,0.000000,,,202,128.000000,74.000000,150.000000,52.000000,1.72972972973,2.88461538462
SNP,*,TS_contained,ALL,*,QUAL,*,0.995265,0.999126,0.0,0.997192,16,13,2542343946.000000,2542343946.000000,0.000000,71165,49703.000000,21479.000000,44943.000000,26197.000000,2.31402765492,1.71557811963,70828,49467.000000,21378.000000,44681.000000,26123.000000,2.31392085321,1.71040845232,337,236.000000,101.000000,262.000000,74.000000,2.33663366337,3.54054054054,70938,49523.000000,21432.000000,44778.000000,26136.000000,2.31070362075,1.71326905418,70876,49487.000000,21406.000000,44724.000000,26128.000000,2.31182845931,1.71172688304,62,36.000000,26.000000,54.000000,8.000000,1.38461538462,6.75,0,0.000000,0.000000,0.000000,0.000000,,
SNP,*,TS_contained,PASS,*,QUAL,*,0.995265,0.999126,0.0,0.997192,16,13,2542343946.000000,2542343946.000000,0.000000,71165,49703.000000,21479.000000,44943.000000,26197.000000,2.31402765492,1.71557811963,70828,49467.000000,21378.000000,44681.000000,26123.000000,2.31392085321,1.71040845232,337,236.000000,101.000000,262.000000,74.000000,2.33663366337,3.54054054054,70938,49523.000000,21432.000000,44778.000000,26136.000000,2.31070362075,1.71326905418,70876,49487.000000,21406.000000,44724.000000,26128.000000,2.31182845931,1.71172688304,62,36.000000,26.000000,54.000000,8.000000,1.38461538462,6.75,0,0.000000,0.000000,0.000000,0.000000,,
